level_1,year,Other Ethnic Groups,Chinese,Indians,Malays
0  -  4 Years,1957,4965,197758,18843,43161
0  -  4 Years,1958,4200,207500,21000,45100
0  -  4 Years,1959,4200,216300,21700,46600
0  -  4 Years,1960,4200,222200,22400,48200
0  -  4 Years,1961,4000,226700,23100,49900
0  -  4 Years,1962,4200,227900,22900,51100
0  -  4 Years,1963,4100,223900,22200,52800
0  -  4 Years,1964,4000,220000,21500,54400
0  -  4 Years,1965,3800,213800,20700,55200
0  -  4 Years,1966,3800,210000,19800,56000
0  -  4 Years,1967,4000,204700,19100,55300
0  -  4 Years,1968,3900,197600,18400,52900
0  -  4 Years,1969,3900,188100,16900,49000
0  -  4 Years,1970,2558,169025,15468,43114
0  -  4 Years,1971,4500,167300,15100,41300
0  -  4 Years,1972,4700,168300,14600,38400
0  -  4 Years,1973,5000,171300,14100,36800
0  -  4 Years,1974,5300,173700,13700,35100
0  -  4 Years,1975,5500,174400,13300,34800
0  -  4 Years,1976,5400,170200,12400,33300
0  -  4 Years,1977,5300,166200,11600,32000
0  -  4 Years,1978,5100,157500,10800,30800
0  -  4 Years,1979,4800,152300,10400,30500
0  -  4 Years,1980,1877,145357,9670,28936
0  -  4 Years,1981,2064,146160,10884,30030
0  -  4 Years,1982,2290,145915,12095,31664
0  -  4 Years,1983,2554,148082,13356,33767
0  -  4 Years,1984,2742,146513,14325,35568
0  -  4 Years,1985,2940,147544,15173,37689
0  -  4 Years,1986,2855,144885,15400,39117
0  -  4 Years,1987,2827,141299,15705,40238
0  -  4 Years,1988,3021,144135,16137,41573
0  -  4 Years,1989,3340,153173,16793,43382
0  -  4 Years,1990,3768,157406,17564,45311
0  -  4 Years,1991,4159,166015,18516,46828
0  -  4 Years,1992,4535,173545,19354,48318
0  -  4 Years,1993,4707,175365,19771,48928
0  -  4 Years,1994,4744,172883,20194,49201
0  -  4 Years,1995,4738,174443,20371,48538
0  -  4 Years,1996,4624,172373,20512,47638
0  -  4 Years,1997,4497,171302,20783,46677
0  -  4 Years,1998,4394,168909,21102,45667
0  -  4 Years,1999,4260,162898,21209,44248
0  -  4 Years,2000,4166,157684,20808,43047
0  -  4 Years,2001,4375,155480,20944,42192
0  -  4 Years,2002,4654,150508,21465,41171
0  -  4 Years,2003,4837,143912,21637,39517
0  -  4 Years,2004,5202,139795,21843,37979
0  -  4 Years,2005,6009,134353,22754,36413
0  -  4 Years,2006,6984,128802,23635,35058
0  -  4 Years,2007,7914,127794,24077,33841
0  -  4 Years,2008,8709,127687,24335,33158
0  -  4 Years,2009,9756,129577,25702,32753
0  -  4 Years,2010,9491,128313,24425,32203
0  -  4 Years,2011,8426,126390,22037,31396
0  -  4 Years,2012,7702,127748,20355,30868
0  -  4 Years,2013,7021,127411,18276,30587
0  -  4 Years,2014,6429,126663,17378,30899
0  -  4 Years,2015,6497,127953,17434,31691
0  -  4 Years,2016,6583,130177,17312,33088
0  -  4 Years,2017,6600,129452,17040,34561
0  -  4 Years,2018,6441,126229,16689,36169
5  -  9 Years,1957,4375,170174,14413,29135
5  -  9 Years,1958,3700,178200,15600,32100
5  -  9 Years,1959,3800,185600,16000,35600
5  -  9 Years,1960,3700,191500,16200,38900
5  -  9 Years,1961,3700,196900,16900,41400
5  -  9 Years,1962,3600,202100,17600,43400
5  -  9 Years,1963,4000,209600,18500,43900
5  -  9 Years,1964,3900,215800,19600,44700
5  -  9 Years,1965,3700,221000,20400,46000
5  -  9 Years,1966,4000,224800,21000,47800
5  -  9 Years,1967,4300,225700,21200,49100
5  -  9 Years,1968,4400,222100,20600,50800
5  -  9 Years,1969,4500,217800,20100,52700
5  -  9 Years,1970,2686,201322,18890,51099
5  -  9 Years,1971,4200,200700,18900,52900
5  -  9 Years,1972,4300,195000,18500,51700
5  -  9 Years,1973,4100,188600,17500,49800
5  -  9 Years,1974,4000,179900,16600,46500
5  -  9 Years,1975,4300,171900,15500,42600
5  -  9 Years,1976,4400,168800,14800,39300
5  -  9 Years,1977,4700,168900,14000,36900
5  -  9 Years,1978,4900,171000,13600,35700
5  -  9 Years,1979,5100,172800,12900,34600
5  -  9 Years,1980,1773,169341,11763,33753
5  -  9 Years,1981,1790,166182,11320,32373
5  -  9 Years,1982,1795,163101,10990,30713
5  -  9 Years,1983,1759,155919,10668,29129
5  -  9 Years,1984,1795,152373,10713,28510
5  -  9 Years,1985,1881,150749,11128,28282
5  -  9 Years,1986,2210,151107,12078,29449
5  -  9 Years,1987,2433,150061,12951,31108
5  -  9 Years,1988,2549,151728,13915,33341
5  -  9 Years,1989,2534,149669,14544,35325
5  -  9 Years,1990,2548,150357,15204,37519
5  -  9 Years,1991,2756,148444,15646,38962
5  -  9 Years,1992,2924,145534,16206,40060
5  -  9 Years,1993,3204,148862,16911,41382
5  -  9 Years,1994,3472,159182,17951,43218
5  -  9 Years,1995,3599,163174,18830,44980
5  -  9 Years,1996,3854,171793,19992,46632
5  -  9 Years,1997,4104,179926,21058,48223
5  -  9 Years,1998,4167,182381,21861,49031
5  -  9 Years,1999,4173,180124,22432,49419
5  -  9 Years,2000,4163,181045,22569,48797
5  -  9 Years,2001,4384,179162,22611,47920
5  -  9 Years,2002,4698,178530,22965,46999
5  -  9 Years,2003,4819,173778,22705,45742
5  -  9 Years,2004,5246,167938,22885,44448
5  -  9 Years,2005,6184,163974,23531,43548
5  -  9 Years,2006,7188,161204,24089,42723
5  -  9 Years,2007,8189,155181,24502,41669
5  -  9 Years,2008,8762,149990,24789,40081
5  -  9 Years,2009,9954,146933,25982,38566
5  -  9 Years,2010,10378,141864,26555,36878
5  -  9 Years,2011,10269,135660,26880,35310
5  -  9 Years,2012,10365,134579,27311,34069
5  -  9 Years,2013,10411,134501,27413,33379
5  -  9 Years,2014,10309,135766,26878,32837
5  -  9 Years,2015,9690,136134,26269,32359
5  -  9 Years,2016,9131,135257,25415,31706
5  -  9 Years,2017,8541,136570,24252,31212
5  -  9 Years,2018,8049,137097,22990,30930
10 - 14 Years,1957,2220,109703,7743,16614
10 - 14 Years,1958,2200,125900,9400,19600
10 - 14 Years,1959,2500,140400,10500,22300
10 - 14 Years,1960,3000,159600,12100,25600
10 - 14 Years,1961,3400,172300,13100,28600
10 - 14 Years,1962,3300,176600,13700,30300
10 - 14 Years,1963,3600,182200,14000,32200
10 - 14 Years,1964,3400,187000,14600,35200
10 - 14 Years,1965,3400,192200,15000,37900
10 - 14 Years,1966,3600,197600,15600,40500
10 - 14 Years,1967,4000,202400,16300,42400
10 - 14 Years,1968,4000,209100,17600,43200
10 - 14 Years,1969,4200,215400,18500,43900
10 - 14 Years,1970,2619,217198,18494,45316
10 - 14 Years,1971,3900,220200,19500,48600
10 - 14 Years,1972,3900,218400,19800,50500
10 - 14 Years,1973,4100,215400,19700,51300
10 - 14 Years,1974,4100,213400,19700,52500
10 - 14 Years,1975,4000,207900,19300,52400
10 - 14 Years,1976,4000,203400,18700,51800
10 - 14 Years,1977,3900,197400,18200,50200
10 - 14 Years,1978,3900,190600,17300,47700
10 - 14 Years,1979,3900,181600,16500,44300
10 - 14 Years,1980,1828,171481,15063,39774
10 - 14 Years,1981,1779,167735,14456,37204
10 - 14 Years,1982,1742,167597,13881,35224
10 - 14 Years,1983,1764,169927,13707,34207
10 - 14 Years,1984,1769,172275,13377,33167
10 - 14 Years,1985,1767,171746,13074,32778
10 - 14 Years,1986,1748,168856,12585,31328
10 - 14 Years,1987,1741,166150,12243,29710
10 - 14 Years,1988,1681,159312,11936,28120
10 - 14 Years,1989,1706,156021,11923,27554
10 - 14 Years,1990,1820,156372,12567,27717
10 - 14 Years,1991,1982,156743,13224,29206
10 - 14 Years,1992,2123,155153,13867,31027
10 - 14 Years,1993,2263,156322,14778,33335
10 - 14 Years,1994,2425,153822,15507,35278
10 - 14 Years,1995,2637,153547,16141,37259
10 - 14 Years,1996,2803,151198,16680,38642
10 - 14 Years,1997,2965,148388,17359,39677
10 - 14 Years,1998,3246,152041,18218,40938
10 - 14 Years,1999,3444,162685,19277,42784
10 - 14 Years,2000,3570,167030,20154,44598
10 - 14 Years,2001,3848,175600,21098,46426
10 - 14 Years,2002,4160,183323,22035,48174
10 - 14 Years,2003,4260,183641,22220,49003
10 - 14 Years,2004,4419,180769,22693,49402
10 - 14 Years,2005,4878,181943,22967,48765
10 - 14 Years,2006,5503,179962,23146,47871
10 - 14 Years,2007,6134,179117,23161,46880
10 - 14 Years,2008,6947,177611,23331,45907
10 - 14 Years,2009,8152,172292,23616,44568
10 - 14 Years,2010,8741,168026,23946,43589
10 - 14 Years,2011,9079,164707,24143,42607
10 - 14 Years,2012,9246,158134,24424,41516
10 - 14 Years,2013,9284,152444,24614,39902
10 - 14 Years,2014,9333,148099,24969,38395
10 - 14 Years,2015,9340,143109,25175,36764
10 - 14 Years,2016,9327,137225,25676,35267
10 - 14 Years,2017,9492,136448,26234,34079
10 - 14 Years,2018,9538,136796,26758,33438
15 - 19 Years,1957,2316,107156,8632,17575
15 - 19 Years,1958,1900,107600,8400,16400
15 - 19 Years,1959,1600,107300,7500,15100
15 - 19 Years,1960,1500,102100,6700,14400
15 - 19 Years,1961,1300,102400,6500,14700
15 - 19 Years,1962,1700,114000,7300,17000
15 - 19 Years,1963,2100,128700,8400,19800
15 - 19 Years,1964,2400,142000,9400,22000
15 - 19 Years,1965,2700,159900,11100,24900
15 - 19 Years,1966,3200,171800,12100,28100
15 - 19 Years,1967,3300,176800,12700,29700
15 - 19 Years,1968,3600,181500,13200,31500
15 - 19 Years,1969,3700,186600,13700,34700
15 - 19 Years,1970,2365,189663,14203,34451
15 - 19 Years,1971,3200,199200,15400,38200
15 - 19 Years,1972,3400,208100,16300,40500
15 - 19 Years,1973,3700,214200,17400,42700
15 - 19 Years,1974,3800,218500,18200,44500
15 - 19 Years,1975,4000,222600,19200,47000
15 - 19 Years,1976,4000,223900,19600,48700
15 - 19 Years,1977,4000,222300,19900,50700
15 - 19 Years,1978,4000,220400,19900,51600
15 - 19 Years,1979,3900,217800,19800,52400
15 - 19 Years,1980,2211,201740,18327,48258
15 - 19 Years,1981,2165,197601,18217,48028
15 - 19 Years,1982,2132,191921,18104,47016
15 - 19 Years,1983,2015,185689,17528,45139
15 - 19 Years,1984,1896,177131,16798,42258
15 - 19 Years,1985,1824,170851,16119,39103
15 - 19 Years,1986,1766,167253,15433,36487
15 - 19 Years,1987,1697,167574,14883,34388
15 - 19 Years,1988,1724,170467,14721,33330
15 - 19 Years,1989,1724,173546,14468,32209
15 - 19 Years,1990,1808,175214,14405,31878
15 - 19 Years,1991,1780,172094,13699,30585
15 - 19 Years,1992,1784,169108,13203,29237
15 - 19 Years,1993,1759,161669,12790,27868
15 - 19 Years,1994,1820,157990,12703,27489
15 - 19 Years,1995,1935,157121,13147,27696
15 - 19 Years,1996,2061,157267,13890,29161
15 - 19 Years,1997,2154,155766,14600,30910
15 - 19 Years,1998,2300,157247,15618,33117
15 - 19 Years,1999,2496,154883,16254,34968
15 - 19 Years,2000,2778,154767,16826,36915
15 - 19 Years,2001,2921,152502,17192,38288
15 - 19 Years,2002,3100,149398,17804,39385
15 - 19 Years,2003,3279,151924,18209,40662
15 - 19 Years,2004,3486,162266,19096,42569
15 - 19 Years,2005,3790,166645,19952,44534
15 - 19 Years,2006,4270,175099,20902,46276
15 - 19 Years,2007,4717,182958,21576,48047
15 - 19 Years,2008,5241,186689,22088,48838
15 - 19 Years,2009,5772,185136,22594,49273
15 - 19 Years,2010,6215,186139,22769,48627
15 - 19 Years,2011,6518,183702,22805,47713
15 - 19 Years,2012,6852,182494,22794,46721
15 - 19 Years,2013,7227,179429,22643,45767
15 - 19 Years,2014,7645,172689,22579,44424
15 - 19 Years,2015,7988,168641,22689,43584
15 - 19 Years,2016,8308,165774,22939,42750
15 - 19 Years,2017,8408,159568,23262,41735
15 - 19 Years,2018,8497,154198,23655,40170
20 - 24 Years,1957,2757,85913,10123,20473
20 - 24 Years,1958,2000,91900,9600,21400
20 - 24 Years,1959,2100,99400,9200,22400
20 - 24 Years,1960,1900,106400,9100,22100
20 - 24 Years,1961,1800,110800,8900,21000
20 - 24 Years,1962,1800,111300,8100,18200
20 - 24 Years,1963,1800,109500,7600,16300
20 - 24 Years,1964,1500,107500,6600,14900
20 - 24 Years,1965,1300,102300,6100,14100
20 - 24 Years,1966,1400,101700,5900,14200
20 - 24 Years,1967,1700,113600,6800,16700
20 - 24 Years,1968,2100,128600,7900,19400
20 - 24 Years,1969,2600,141500,9000,21400
20 - 24 Years,1970,2062,156368,10994,24550
20 - 24 Years,1971,3400,174900,12600,29200
20 - 24 Years,1972,3600,179300,12900,30000
20 - 24 Years,1973,3800,184800,13500,31300
20 - 24 Years,1974,3900,190200,14200,33600
20 - 24 Years,1975,3900,195300,14800,35600
20 - 24 Years,1976,4000,202400,15800,37900
20 - 24 Years,1977,4100,210700,16900,40300
20 - 24 Years,1978,4300,216600,17900,42600
20 - 24 Years,1979,4400,221400,18800,44400
20 - 24 Years,1980,2159,210795,17451,41773
20 - 24 Years,1981,2297,213619,18432,43732
20 - 24 Years,1982,2332,212129,19091,45427
20 - 24 Years,1983,2414,209929,19497,46447
20 - 24 Years,1984,2468,206966,19829,47435
20 - 24 Years,1985,2434,202227,19722,47304
20 - 24 Years,1986,2369,197634,19542,47056
20 - 24 Years,1987,2292,191746,19275,46103
20 - 24 Years,1988,2112,186270,18629,44265
20 - 24 Years,1989,1961,178319,17826,41453
20 - 24 Years,1990,2045,180568,17766,38608
20 - 24 Years,1991,2048,179605,16915,36091
20 - 24 Years,1992,2015,182361,16303,34126
20 - 24 Years,1993,2098,186548,15956,33266
20 - 24 Years,1994,2136,189135,15619,32363
20 - 24 Years,1995,2085,187986,15212,32143
20 - 24 Years,1996,2017,184060,14802,30886
20 - 24 Years,1997,2065,180444,14672,29583
20 - 24 Years,1998,2076,172335,14582,28268
20 - 24 Years,1999,2118,168545,14564,27805
20 - 24 Years,2000,2207,167332,14784,27913
20 - 24 Years,2001,2318,167619,15363,29336
20 - 24 Years,2002,2462,166618,16107,31126
20 - 24 Years,2003,2620,163118,16697,32977
20 - 24 Years,2004,2945,160062,17322,34888
20 - 24 Years,2005,3426,160353,18239,36933
20 - 24 Years,2006,3778,158764,18793,38296
20 - 24 Years,2007,4166,155585,19406,39328
20 - 24 Years,2008,4640,159829,20222,40694
20 - 24 Years,2009,5327,172285,21501,42640
20 - 24 Years,2010,5272,175721,21688,44509
20 - 24 Years,2011,5161,181822,21844,46242
20 - 24 Years,2012,5301,189212,22169,47824
20 - 24 Years,2013,5478,190460,22273,48678
20 - 24 Years,2014,5530,186771,22452,49165
20 - 24 Years,2015,5770,187266,22501,48590
20 - 24 Years,2016,6009,184609,22438,47798
20 - 24 Years,2017,6305,183474,22405,46888
20 - 24 Years,2018,6606,180656,22268,45986
25 - 29 Years,1957,3267,76611,14151,17697
25 - 29 Years,1958,2500,79300,14500,18400
25 - 29 Years,1959,2500,80700,13100,18800
25 - 29 Years,1960,2300,82600,11800,19500
25 - 29 Years,1961,2200,86100,10700,20600
25 - 29 Years,1962,2100,89300,9500,21200
25 - 29 Years,1963,2100,93100,8500,21300
25 - 29 Years,1964,1900,99800,8300,22000
25 - 29 Years,1965,1900,106500,8000,21500
25 - 29 Years,1966,1800,109800,8000,20400
25 - 29 Years,1967,1900,111300,7500,17700
25 - 29 Years,1968,1700,109500,7100,15900
25 - 29 Years,1969,1600,106500,6400,14500
25 - 29 Years,1970,1293,100685,7687,14922
25 - 29 Years,1971,3100,104800,7700,16800
25 - 29 Years,1972,3500,117100,8300,19300
25 - 29 Years,1973,3800,132100,9100,21800
25 - 29 Years,1974,4200,145400,10200,23600
25 - 29 Years,1975,4800,164200,11700,26400
25 - 29 Years,1976,5200,177000,12800,28800
25 - 29 Years,1977,5200,181100,13300,29400
25 - 29 Years,1978,5200,186600,14000,30900
25 - 29 Years,1979,5200,192000,14700,33000
25 - 29 Years,1980,2046,185779,13447,31523
25 - 29 Years,1981,2097,195370,14781,33597
25 - 29 Years,1982,2244,205468,15913,35625
25 - 29 Years,1983,2378,213162,17147,37641
25 - 29 Years,1984,2481,218696,18329,39202
25 - 29 Years,1985,2619,222156,19361,41105
25 - 29 Years,1986,2739,223056,20152,42844
25 - 29 Years,1987,2729,220290,20669,44394
25 - 29 Years,1988,2761,218120,20904,45355
25 - 29 Years,1989,2754,215766,21135,46309
25 - 29 Years,1990,2869,219632,21794,46645
25 - 29 Years,1991,2917,218667,21697,46559
25 - 29 Years,1992,2981,216239,21473,45798
25 - 29 Years,1993,2958,213786,20907,44139
25 - 29 Years,1994,2963,208544,20242,41515
25 - 29 Years,1995,2895,205791,19736,38589
25 - 29 Years,1996,2891,204824,19633,36132
25 - 29 Years,1997,2907,207460,20140,34263
25 - 29 Years,1998,3129,211001,20924,33463
25 - 29 Years,1999,3182,213390,21002,32643
25 - 29 Years,2000,3169,211441,20100,32451
25 - 29 Years,2001,3092,208971,19248,31443
25 - 29 Years,2002,3285,209433,19679,30323
25 - 29 Years,2003,3320,199011,19546,29001
25 - 29 Years,2004,3601,194754,19638,28720
25 - 29 Years,2005,4306,192914,21604,28975
25 - 29 Years,2006,5208,192817,23279,30355
25 - 29 Years,2007,6266,191618,24568,32071
25 - 29 Years,2008,7662,194852,26496,34104
25 - 29 Years,2009,10408,197870,30084,35946
25 - 29 Years,2010,10089,195571,29326,37653
25 - 29 Years,2011,8430,188686,26761,38729
25 - 29 Years,2012,7099,182756,25091,39636
25 - 29 Years,2013,6458,184455,23898,40804
25 - 29 Years,2014,6114,193787,23161,42597
25 - 29 Years,2015,5951,197951,22662,44466
25 - 29 Years,2016,6119,204843,22787,46239
25 - 29 Years,2017,6225,212862,23164,47947
25 - 29 Years,2018,6351,213123,23361,48796
30 - 34 Years,1957,3430,59344,12936,14215
30 - 34 Years,1958,2900,63800,13200,15200
30 - 34 Years,1959,2900,68700,13600,16900
30 - 34 Years,1960,2700,72600,13600,17700
30 - 34 Years,1961,2400,77000,14100,18800
30 - 34 Years,1962,2400,79200,13300,18100
30 - 34 Years,1963,2300,80800,13000,18500
30 - 34 Years,1964,2300,80800,11700,18300
30 - 34 Years,1965,2100,82800,10700,19100
30 - 34 Years,1966,2100,85500,9700,20100
30 - 34 Years,1967,2100,88700,8800,20700
30 - 34 Years,1968,2100,92700,7900,20900
30 - 34 Years,1969,2000,99500,7900,21500
30 - 34 Years,1970,1557,101899,8454,18220
30 - 34 Years,1971,3400,109400,8900,18600
30 - 34 Years,1972,3400,112200,9100,17900
30 - 34 Years,1973,3600,113000,9100,17500
30 - 34 Years,1974,3700,111800,8700,16900
30 - 34 Years,1975,4000,106100,8000,16000
30 - 34 Years,1976,4200,105800,7700,16100
30 - 34 Years,1977,4800,119100,8400,18900
30 - 34 Years,1978,5400,133500,9400,21100
30 - 34 Years,1979,5900,147700,10600,22900
30 - 34 Years,1980,2041,158513,10674,23022
30 - 34 Years,1981,2235,171496,11927,25120
30 - 34 Years,1982,2221,176277,12588,25670
30 - 34 Years,1983,2251,182595,13417,26962
30 - 34 Years,1984,2311,189233,14255,28921
30 - 34 Years,1985,2338,196492,15059,30716
30 - 34 Years,1986,2388,204976,16257,32792
30 - 34 Years,1987,2539,213823,17244,34716
30 - 34 Years,1988,2621,220360,18359,36692
30 - 34 Years,1989,2698,225164,19442,38226
30 - 34 Years,1990,2987,233790,21069,40477
30 - 34 Years,1991,3168,236660,21905,42289
30 - 34 Years,1992,3271,236269,22492,43997
30 - 34 Years,1993,3476,236303,22855,45096
30 - 34 Years,1994,3636,236129,23373,46196
30 - 34 Years,1995,3695,235132,23699,46299
30 - 34 Years,1996,3813,234783,24327,46170
30 - 34 Years,1997,3970,232351,25123,45330
30 - 34 Years,1998,4084,230627,25690,43703
30 - 34 Years,1999,4220,225826,25723,41098
30 - 34 Years,2000,4340,222467,25242,38241
30 - 34 Years,2001,4597,221187,24894,36012
30 - 34 Years,2002,5026,224226,25505,34427
30 - 34 Years,2003,5458,222627,25680,33539
30 - 34 Years,2004,5989,225333,26211,32956
30 - 34 Years,2005,7631,224623,28233,32927
30 - 34 Years,2006,9177,222472,29538,32064
30 - 34 Years,2007,10994,221874,30656,30929
30 - 34 Years,2008,12189,216112,31668,29848
30 - 34 Years,2009,15289,216941,35384,29626
30 - 34 Years,2010,15786,216679,36415,29807
30 - 34 Years,2011,15032,215309,36171,31043
30 - 34 Years,2012,14079,213459,35317,32541
30 - 34 Years,2013,13088,215075,34287,34420
30 - 34 Years,2014,11940,211976,32386,35985
30 - 34 Years,2015,10859,211777,30273,37710
30 - 34 Years,2016,9931,208889,27781,38943
30 - 34 Years,2017,9109,204446,25858,39927
30 - 34 Years,2018,8697,206873,24723,41104
35 - 39 Years,1957,2884,55917,12256,11652
35 - 39 Years,1958,2400,56900,12700,12300
35 - 39 Years,1959,2700,57800,12100,12600
35 - 39 Years,1960,2600,58100,12200,13500
35 - 39 Years,1961,2500,58200,12000,13500
35 - 39 Years,1962,2600,61400,12000,14600
35 - 39 Years,1963,2600,64300,11800,15100
35 - 39 Years,1964,2600,68900,12300,16400
35 - 39 Years,1965,2500,71900,12400,17200
35 - 39 Years,1966,2500,75900,12700,18100
35 - 39 Years,1967,2600,79000,11900,17800
35 - 39 Years,1968,2600,79600,11900,18000
35 - 39 Years,1969,2600,80100,11000,17900
35 - 39 Years,1970,1535,82344,9632,15533
35 - 39 Years,1971,3000,86600,9300,16800
35 - 39 Years,1972,3200,88700,8600,17500
35 - 39 Years,1973,3100,90500,8100,17600
35 - 39 Years,1974,3300,97800,8000,18400
35 - 39 Years,1975,3400,104000,8500,18100
35 - 39 Years,1976,3600,108900,8800,17700
35 - 39 Years,1977,4000,112400,9000,16900
35 - 39 Years,1978,4300,113300,8900,16500
35 - 39 Years,1979,4800,112500,8700,16100
35 - 39 Years,1980,1250,102680,7254,13512
35 - 39 Years,1981,1232,102981,7151,13427
35 - 39 Years,1982,1429,116664,8061,15892
35 - 39 Years,1983,1646,131301,9153,17952
35 - 39 Years,1984,1851,145276,10367,19502
35 - 39 Years,1985,2118,163881,11995,22023
35 - 39 Years,1986,2298,177006,13274,24061
35 - 39 Years,1987,2291,181704,13842,24618
35 - 39 Years,1988,2284,188405,14658,25903
35 - 39 Years,1989,2315,195598,15435,27921
35 - 39 Years,1990,2445,206977,16590,29981
35 - 39 Years,1991,2597,216499,17800,32295
35 - 39 Years,1992,2830,225759,18759,34340
35 - 39 Years,1993,3008,232427,19862,36482
35 - 39 Years,1994,3209,237698,21085,38142
35 - 39 Years,1995,3464,241609,22268,40094
35 - 39 Years,1996,3723,244293,23419,41832
35 - 39 Years,1997,3913,244084,24451,43496
35 - 39 Years,1998,4207,245074,25364,44562
35 - 39 Years,1999,4564,245843,26249,45633
35 - 39 Years,2000,4919,245278,26653,45771
35 - 39 Years,2001,5244,244834,27082,45718
35 - 39 Years,2002,5872,241992,27866,45023
35 - 39 Years,2003,6374,233607,27454,43208
35 - 39 Years,2004,6979,227579,27612,40738
35 - 39 Years,2005,8483,224073,28438,38159
35 - 39 Years,2006,10338,222621,29262,35982
35 - 39 Years,2007,12134,225259,30203,34377
35 - 39 Years,2008,13502,228953,31092,33696
35 - 39 Years,2009,16047,234595,33514,33155
35 - 39 Years,2010,16980,234760,35085,33199
35 - 39 Years,2011,16828,231657,35490,32186
35 - 39 Years,2012,16767,230350,35813,31040
35 - 39 Years,2013,16402,223574,35697,29830
35 - 39 Years,2014,15938,220906,35755,29430
35 - 39 Years,2015,15336,220671,35478,29582
35 - 39 Years,2016,15016,220701,35342,30939
35 - 39 Years,2017,14313,219561,34578,32504
35 - 39 Years,2018,13660,221887,33661,34512
40 - 44 Years,1957,2171,57277,8941,7828
40 - 44 Years,1958,1900,57400,9700,8500
40 - 44 Years,1959,1900,57200,10400,9600
40 - 44 Years,1960,2000,57600,10500,10400
40 - 44 Years,1961,2000,58200,11300,11600
40 - 44 Years,1962,2200,57300,11100,11800
40 - 44 Years,1963,2300,57500,11100,12100
40 - 44 Years,1964,2300,57600,10700,12100
40 - 44 Years,1965,2300,58200,11100,12800
40 - 44 Years,1966,2400,58900,10600,13100
40 - 44 Years,1967,2900,60100,10600,14100
40 - 44 Years,1968,2800,63500,10800,14800
40 - 44 Years,1969,2800,66900,11400,15800
40 - 44 Years,1970,1472,70445,10887,15171
40 - 44 Years,1971,2700,75400,10800,15900
40 - 44 Years,1972,2700,77500,10600,15500
40 - 44 Years,1973,2800,79000,10300,15300
40 - 44 Years,1974,2900,80200,9700,14800
40 - 44 Years,1975,2800,83000,9100,15300
40 - 44 Years,1976,2900,85700,8600,16000
40 - 44 Years,1977,3100,86900,8200,16500
40 - 44 Years,1978,3100,89500,7900,16600
40 - 44 Years,1979,3500,96600,8000,17100
40 - 44 Years,1980,1398,99484,7685,15522
40 - 44 Years,1981,1411,105207,8089,15078
40 - 44 Years,1982,1378,109006,8480,14540
40 - 44 Years,1983,1349,110087,8571,14033
40 - 44 Years,1984,1304,109854,8481,13740
40 - 44 Years,1985,1220,104822,8030,12848
40 - 44 Years,1986,1188,105008,7910,12733
40 - 44 Years,1987,1387,118908,8938,15073
40 - 44 Years,1988,1601,133755,10091,17054
40 - 44 Years,1989,1805,147600,11366,18497
40 - 44 Years,1990,2163,169475,13315,21110
40 - 44 Years,1991,2420,183861,14614,23315
40 - 44 Years,1992,2457,189302,15115,24128
40 - 44 Years,1993,2497,196291,15927,25602
40 - 44 Years,1994,2634,203622,16692,27835
40 - 44 Years,1995,2724,211029,17474,29768
40 - 44 Years,1996,2938,219945,18776,32028
40 - 44 Years,1997,3230,229133,19877,34019
40 - 44 Years,1998,3546,235911,21228,36071
40 - 44 Years,1999,3867,241204,22520,37650
40 - 44 Years,2000,4323,244946,23670,39481
40 - 44 Years,2001,4697,247481,24538,41280
40 - 44 Years,2002,5207,247207,25431,43018
40 - 44 Years,2003,5662,243232,25571,43817
40 - 44 Years,2004,6355,243309,26420,44973
40 - 44 Years,2005,7402,242125,27003,44942
40 - 44 Years,2006,8712,241495,27821,44989
40 - 44 Years,2007,10101,238161,28500,44287
40 - 44 Years,2008,11129,234533,28803,42898
40 - 44 Years,2009,12802,230084,29544,40553
40 - 44 Years,2010,14046,227333,30093,37969
40 - 44 Years,2011,14672,225693,30512,35737
40 - 44 Years,2012,15278,228257,31239,34049
40 - 44 Years,2013,15949,231365,31944,33323
40 - 44 Years,2014,16319,234352,32716,32636
40 - 44 Years,2015,16391,234287,33534,32543
40 - 44 Years,2016,16140,231775,33829,31701
40 - 44 Years,2017,15896,230806,34164,30618
40 - 44 Years,2018,15500,224416,34181,29543
45 - 49 Years,1957,1783,51888,6817,6228
45 - 49 Years,1958,1400,54100,7300,6500
45 - 49 Years,1959,1500,57300,7100,6500
45 - 49 Years,1960,1600,58200,7500,7100
45 - 49 Years,1961,1600,58300,7400,7000
45 - 49 Years,1962,1600,58000,8000,7900
45 - 49 Years,1963,1700,57600,8300,8300
45 - 49 Years,1964,1800,56900,9000,9400
45 - 49 Years,1965,1900,56100,9200,10000
45 - 49 Years,1966,2000,57500,9900,10800
45 - 49 Years,1967,2300,56400,9900,11200
45 - 49 Years,1968,2300,55900,10300,11800
45 - 49 Years,1969,2600,56800,9800,11600
45 - 49 Years,1970,1354,56732,9617,11862
45 - 49 Years,1971,2400,58500,10000,12500
45 - 49 Years,1972,2400,59700,9900,13100
45 - 49 Years,1973,2400,63200,9700,13400
45 - 49 Years,1974,2400,66300,9700,14000
45 - 49 Years,1975,2400,70300,9800,14500
45 - 49 Years,1976,2500,73700,9700,14600
45 - 49 Years,1977,2600,75800,9600,14400
45 - 49 Years,1978,2600,77600,9400,14200
45 - 49 Years,1979,2500,78700,9100,14000
45 - 49 Years,1980,1279,79812,8155,13716
45 - 49 Years,1981,1248,82334,7908,14450
45 - 49 Years,1982,1292,83387,7606,14640
45 - 49 Years,1983,1277,85888,7387,14614
45 - 49 Years,1984,1306,92423,7614,14787
45 - 49 Years,1985,1359,97568,8061,14355
45 - 49 Years,1986,1367,104168,8521,14025
45 - 49 Years,1987,1324,108528,8955,13624
45 - 49 Years,1988,1302,109852,9072,13151
45 - 49 Years,1989,1259,110157,8993,12884
45 - 49 Years,1990,1212,106525,8565,12137
45 - 49 Years,1991,1231,107138,8434,12200
45 - 49 Years,1992,1519,121712,9531,14622
45 - 49 Years,1993,1790,137111,10712,16720
45 - 49 Years,1994,2080,151299,12039,18346
45 - 49 Years,1995,2386,170967,13784,20949
45 - 49 Years,1996,2642,184879,15139,23108
45 - 49 Years,1997,2736,190133,15678,23878
45 - 49 Years,1998,2867,197102,16546,25349
45 - 49 Years,1999,3163,204273,17354,27492
45 - 49 Years,2000,3365,211454,18045,29337
45 - 49 Years,2001,3619,220235,19185,31530
45 - 49 Years,2002,4022,229072,20124,33520
45 - 49 Years,2003,4331,232207,20909,35344
45 - 49 Years,2004,4801,236836,22065,36969
45 - 49 Years,2005,5538,240034,23224,38750
45 - 49 Years,2006,6449,241759,24204,40446
45 - 49 Years,2007,7358,241026,25140,42028
45 - 49 Years,2008,8154,241116,25690,43118
45 - 49 Years,2009,9408,242168,26690,44231
45 - 49 Years,2010,10230,241561,27251,44417
45 - 49 Years,2011,10905,240938,27801,44347
45 - 49 Years,2012,11648,237372,28253,43652
45 - 49 Years,2013,12295,233414,28417,42210
45 - 49 Years,2014,12712,227540,28494,39787
45 - 49 Years,2015,13320,224201,28684,37208
45 - 49 Years,2016,13870,223222,29035,35056
45 - 49 Years,2017,14344,225935,29727,33451
45 - 49 Years,2018,14801,229736,30480,32821
50 - 54 Years,1957,1444,41617,4242,4491
50 - 54 Years,1958,1300,43700,4400,4800
50 - 54 Years,1959,1400,45800,4800,5300
50 - 54 Years,1960,1300,47600,5000,5700
50 - 54 Years,1961,1400,49800,5400,6000
50 - 54 Years,1962,1400,52100,6100,6100
50 - 54 Years,1963,1400,53500,6100,6100
50 - 54 Years,1964,1400,54800,6200,6100
50 - 54 Years,1965,1300,56200,6500,6700
50 - 54 Years,1966,1600,56000,6400,6600
50 - 54 Years,1967,1700,55700,7000,7400
50 - 54 Years,1968,1800,55900,7500,7800
50 - 54 Years,1969,1900,54400,8200,8900
50 - 54 Years,1970,1135,53208,7028,8304
50 - 54 Years,1971,1800,53800,7700,9400
50 - 54 Years,1972,1900,53700,7900,10000
50 - 54 Years,1973,1900,54500,8200,10600
50 - 54 Years,1974,1900,54800,8200,10900
50 - 54 Years,1975,2000,55400,8200,11300
50 - 54 Years,1976,2000,56200,8400,11700
50 - 54 Years,1977,2000,58200,8600,12300
50 - 54 Years,1978,2000,61400,8500,12600
50 - 54 Years,1979,2000,65100,8500,13100
50 - 54 Years,1980,1193,67511,8476,12994
50 - 54 Years,1981,1248,70775,8610,13026
50 - 54 Years,1982,1220,73027,8675,12755
50 - 54 Years,1983,1250,74808,8709,12530
50 - 54 Years,1984,1239,76189,8581,12510
50 - 54 Years,1985,1255,79266,8241,13184
50 - 54 Years,1986,1232,81044,7971,13779
50 - 54 Years,1987,1272,81471,7665,13789
50 - 54 Years,1988,1256,83890,7436,13699
50 - 54 Years,1989,1263,89904,7633,13610
50 - 54 Years,1990,1325,95511,8238,13018
50 - 54 Years,1991,1390,103369,8708,13024
50 - 54 Years,1992,1400,108450,9141,12912
50 - 54 Years,1993,1434,110112,9218,12635
50 - 54 Years,1994,1433,110732,9101,12544
50 - 54 Years,1995,1423,106065,8613,11966
50 - 54 Years,1996,1420,106576,8498,12003
50 - 54 Years,1997,1721,120915,9591,14350
50 - 54 Years,1998,2033,136096,10818,16393
50 - 54 Years,1999,2401,150222,12142,17973
50 - 54 Years,2000,2829,169486,13875,20467
50 - 54 Years,2001,3118,183048,15134,22542
50 - 54 Years,2002,3278,188145,15609,23335
50 - 54 Years,2003,3013,190113,15643,24411
50 - 54 Years,2004,3395,197626,16475,26614
50 - 54 Years,2005,3783,204746,17171,28468
50 - 54 Years,2006,4369,213519,18425,30681
50 - 54 Years,2007,4966,222167,19477,32610
50 - 54 Years,2008,5465,228448,20653,34623
50 - 54 Years,2009,6194,233183,21813,36193
50 - 54 Years,2010,6747,235918,22443,37936
50 - 54 Years,2011,7365,237735,23466,39564
50 - 54 Years,2012,7892,237159,24324,41001
50 - 54 Years,2013,8471,237503,24990,42024
50 - 54 Years,2014,9042,237697,25726,43038
50 - 54 Years,2015,9447,236497,25955,43192
50 - 54 Years,2016,9957,235906,26523,43212
50 - 54 Years,2017,10548,232687,27019,42560
50 - 54 Years,2018,11049,229401,27280,41235
55 - 59 Years,1957,1018,30509,2761,3168
55 - 59 Years,1958,1000,32800,3200,3400
55 - 59 Years,1959,1100,35000,3200,3600
55 - 59 Years,1960,1100,37000,3300,3300
55 - 59 Years,1961,1000,38200,3200,3500
55 - 59 Years,1962,1000,40700,3700,4200
55 - 59 Years,1963,1200,41700,3700,4400
55 - 59 Years,1964,1200,43600,4100,4800
55 - 59 Years,1965,1000,44600,4400,4900
55 - 59 Years,1966,1200,45700,4500,5200
55 - 59 Years,1967,1400,48100,5100,5500
55 - 59 Years,1968,1500,49000,5300,5600
55 - 59 Years,1969,1400,51300,5400,5700
55 - 59 Years,1970,811,52415,4734,6075
55 - 59 Years,1971,1300,52700,4900,6000
55 - 59 Years,1972,1200,51100,5000,6100
55 - 59 Years,1973,1200,50900,5200,6600
55 - 59 Years,1974,1200,51000,5400,7100
55 - 59 Years,1975,1400,51000,5800,7800
55 - 59 Years,1976,1400,51500,6100,8700
55 - 59 Years,1977,1500,51200,6400,9100
55 - 59 Years,1978,1500,51600,6800,9700
55 - 59 Years,1979,1600,52100,6800,10000
55 - 59 Years,1980,1016,51772,6572,10087
55 - 59 Years,1981,1033,52909,6945,10480
55 - 59 Years,1982,1060,55376,7273,10958
55 - 59 Years,1983,1060,58582,7573,11261
55 - 59 Years,1984,1100,62308,7865,11735
55 - 59 Years,1985,1144,65746,8285,12089
55 - 59 Years,1986,1216,68621,8464,12046
55 - 59 Years,1987,1206,70694,8552,11728
55 - 59 Years,1988,1227,72383,8588,11539
55 - 59 Years,1989,1228,74222,8444,11751
55 - 59 Years,1990,1266,78116,8193,12527
55 - 59 Years,1991,1243,79321,7886,12947
55 - 59 Years,1992,1300,79497,7553,12877
55 - 59 Years,1993,1303,82155,7343,12879
55 - 59 Years,1994,1349,88363,7541,12875
55 - 59 Years,1995,1405,93657,8020,12449
55 - 59 Years,1996,1462,101324,8482,12483
55 - 59 Years,1997,1481,106241,8903,12379
55 - 59 Years,1998,1530,107722,8967,12115
55 - 59 Years,1999,1554,108208,8846,12024
55 - 59 Years,2000,1586,103619,8359,11497
55 - 59 Years,2001,1604,104161,8194,11490
55 - 59 Years,2002,1946,118222,9261,13746
55 - 59 Years,2003,1945,130554,9890,15505
55 - 59 Years,2004,2334,144133,11233,17088
55 - 59 Years,2005,2797,162583,12863,19560
55 - 59 Years,2006,3183,175703,14119,21596
55 - 59 Years,2007,3381,180619,14620,22363
55 - 59 Years,2008,3599,186779,15287,23691
55 - 59 Years,2009,4000,194125,16085,25737
55 - 59 Years,2010,4276,200577,16308,27535
55 - 59 Years,2011,4646,208954,17485,29593
55 - 59 Years,2012,4989,217054,18317,31457
55 - 59 Years,2013,5378,222954,19366,33371
55 - 59 Years,2014,5752,227374,20447,34819
55 - 59 Years,2015,6135,230757,21646,36525
55 - 59 Years,2016,6521,232481,22471,38118
55 - 59 Years,2017,6893,231813,23305,39667
55 - 59 Years,2018,7405,232490,23858,40637
60 - 64 Years,1957,608,20461,1188,2019
60 - 64 Years,1958,600,21800,1200,2300
60 - 64 Years,1959,600,22800,1400,2500
60 - 64 Years,1960,600,23700,1600,2800
60 - 64 Years,1961,800,26600,1900,2900
60 - 64 Years,1962,700,27900,2300,2900
60 - 64 Years,1963,800,29400,2600,2800
60 - 64 Years,1964,900,31600,2700,3000
60 - 64 Years,1965,900,33100,2800,2900
60 - 64 Years,1966,900,34600,2700,2900
60 - 64 Years,1967,1000,36100,3000,3700
60 - 64 Years,1968,1200,37500,3000,3700
60 - 64 Years,1969,1100,38800,3500,4000
60 - 64 Years,1970,624,40619,2463,4256
60 - 64 Years,1971,900,43200,2900,4800
60 - 64 Years,1972,900,45300,3000,5000
60 - 64 Years,1973,800,46700,3400,5200
60 - 64 Years,1974,800,47300,3700,5400
60 - 64 Years,1975,800,47900,3600,5200
60 - 64 Years,1976,1000,47500,3700,5200
60 - 64 Years,1977,900,47100,3800,5300
60 - 64 Years,1978,800,47000,3900,5700
60 - 64 Years,1979,900,47000,4100,6300
60 - 64 Years,1980,751,46430,4311,6957
60 - 64 Years,1981,808,46967,4761,7555
60 - 64 Years,1982,870,47149,5148,8007
60 - 64 Years,1983,927,47740,5538,8456
60 - 64 Years,1984,940,48586,5852,8740
60 - 64 Years,1985,964,49176,6114,9049
60 - 64 Years,1986,988,50547,6484,9438
60 - 64 Years,1987,1021,53141,6785,9794
60 - 64 Years,1988,1052,56228,7092,10115
60 - 64 Years,1989,1074,59601,7415,10641
60 - 64 Years,1990,1113,63090,7884,10934
60 - 64 Years,1991,1203,65526,8110,10890
60 - 64 Years,1992,1202,67428,8189,10575
60 - 64 Years,1993,1219,69199,8204,10441
60 - 64 Years,1994,1241,71252,8063,10752
60 - 64 Years,1995,1260,74818,7752,11497
60 - 64 Years,1996,1250,76088,7543,11909
60 - 64 Years,1997,1301,76391,7237,11837
60 - 64 Years,1998,1328,78929,7064,11858
60 - 64 Years,1999,1380,84870,7247,11873
60 - 64 Years,2000,1448,89929,7662,11464
60 - 64 Years,2001,1508,97412,8000,11586
60 - 64 Years,2002,1525,102077,8310,11526
60 - 64 Years,2003,1354,101970,7371,11029
60 - 64 Years,2004,1416,102808,7445,11067
60 - 64 Years,2005,1409,98466,7143,10557
60 - 64 Years,2006,1510,98939,7148,10645
60 - 64 Years,2007,1892,112606,8246,12757
60 - 64 Years,2008,2236,126830,9380,14715
60 - 64 Years,2009,2614,140160,10713,16209
60 - 64 Years,2010,3045,158333,12009,18608
60 - 64 Years,2011,3326,171094,13213,20527
60 - 64 Years,2012,3385,175754,13650,21207
60 - 64 Years,2013,3517,181827,14318,22492
60 - 64 Years,2014,3707,188427,14953,24415
60 - 64 Years,2015,3864,194874,15647,26108
60 - 64 Years,2016,4159,202871,16676,28147
60 - 64 Years,2017,4414,210800,17502,29935
60 - 64 Years,2018,4694,216752,18500,31742
65 - 69 Years,1957,440,13264,551,1144
65 - 69 Years,1958,400,14900,600,1200
65 - 69 Years,1959,400,15600,700,1100
65 - 69 Years,1960,200,16200,800,1200
65 - 69 Years,1961,400,16700,700,1200
65 - 69 Years,1962,500,17300,900,1600
65 - 69 Years,1963,500,18400,900,1800
65 - 69 Years,1964,500,18900,1000,1900
65 - 69 Years,1965,500,20100,1300,2100
65 - 69 Years,1966,600,21300,1500,2200
65 - 69 Years,1967,700,23300,1800,2100
65 - 69 Years,1968,800,25200,2000,2100
65 - 69 Years,1969,800,26500,2200,2300
65 - 69 Years,1970,519,28498,1337,2541
65 - 69 Years,1971,600,29900,1400,2500
65 - 69 Years,1972,600,31700,1500,2700
65 - 69 Years,1973,600,32500,1600,2900
65 - 69 Years,1974,700,34400,1800,3200
65 - 69 Years,1975,500,35500,1900,3500
65 - 69 Years,1976,500,37500,2200,3900
65 - 69 Years,1977,500,39500,2200,4100
65 - 69 Years,1978,600,40600,2400,4300
65 - 69 Years,1979,600,41400,2500,4400
65 - 69 Years,1980,542,41241,2446,4193
65 - 69 Years,1981,559,41142,2538,4202
65 - 69 Years,1982,566,41199,2746,4345
65 - 69 Years,1983,575,41295,2991,4742
65 - 69 Years,1984,632,41550,3271,5277
65 - 69 Years,1985,673,42012,3710,5903
65 - 69 Years,1986,731,42588,4132,6387
65 - 69 Years,1987,804,43022,4495,6856
65 - 69 Years,1988,850,43795,4872,7285
65 - 69 Years,1989,868,44717,5175,7538
65 - 69 Years,1990,910,45600,5568,7818
65 - 69 Years,1991,925,47000,5858,8205
65 - 69 Years,1992,982,49433,6145,8445
65 - 69 Years,1993,1026,52147,6568,8780
65 - 69 Years,1994,1068,55238,6920,9213
65 - 69 Years,1995,1103,58189,7319,9481
65 - 69 Years,1996,1160,60529,7483,9418
65 - 69 Years,1997,1163,62375,7594,9193
65 - 69 Years,1998,1189,64193,7628,9108
65 - 69 Years,1999,1197,66206,7536,9451
65 - 69 Years,2000,1223,69621,7254,10207
65 - 69 Years,2001,1230,70895,6963,10588
65 - 69 Years,2002,1268,71200,6605,10514
65 - 69 Years,2003,1136,72565,5861,10321
65 - 69 Years,2004,1166,78509,5966,10366
65 - 69 Years,2005,1213,83530,6277,10068
65 - 69 Years,2006,1277,90803,6530,10227
65 - 69 Years,2007,1308,95395,6783,10271
65 - 69 Years,2008,1376,97035,6724,10050
65 - 69 Years,2009,1426,97967,6785,10080
65 - 69 Years,2010,1438,94035,6376,9662
65 - 69 Years,2011,1509,94754,6427,9706
65 - 69 Years,2012,1804,107912,7440,11723
65 - 69 Years,2013,2109,121587,8575,13546
65 - 69 Years,2014,2372,134123,9759,14944
65 - 69 Years,2015,2679,151385,11230,17131
65 - 69 Years,2016,2900,163881,12372,18867
65 - 69 Years,2017,2960,168582,12797,19630
65 - 69 Years,2018,3065,174682,13432,20922
70 - 74 Years,1957,288,7414,280,792
70 - 74 Years,1958,,,,
70 - 74 Years,1959,,,,
70 - 74 Years,1960,,,,
70 - 74 Years,1961,,,,
70 - 74 Years,1962,,,,
70 - 74 Years,1963,,,,
70 - 74 Years,1964,,,,
70 - 74 Years,1965,,,,
70 - 74 Years,1966,,,,
70 - 74 Years,1967,,,,
70 - 74 Years,1968,,,,
70 - 74 Years,1969,,,,
70 - 74 Years,1970,290,16141,615,1438
70 - 74 Years,1971,,,,
70 - 74 Years,1972,,,,
70 - 74 Years,1973,,,,
70 - 74 Years,1974,,,,
70 - 74 Years,1975,,,,
70 - 74 Years,1976,,,,
70 - 74 Years,1977,,,,
70 - 74 Years,1978,,,,
70 - 74 Years,1979,,,,
70 - 74 Years,1980,359,28520,1242,2632
70 - 74 Years,1981,371,30479,1394,2820
70 - 74 Years,1982,388,32056,1526,3127
70 - 74 Years,1983,422,33272,1668,3304
70 - 74 Years,1984,448,34200,1815,3357
70 - 74 Years,1985,474,34950,1960,3289
70 - 74 Years,1986,490,35102,2058,3306
70 - 74 Years,1987,493,35505,2244,3485
70 - 74 Years,1988,508,35839,2431,3787
70 - 74 Years,1989,560,36038,2675,4224
70 - 74 Years,1990,601,36675,3088,4683
70 - 74 Years,1991,643,36859,3373,4993
70 - 74 Years,1992,699,37059,3637,5392
70 - 74 Years,1993,736,37666,3867,5719
70 - 74 Years,1994,759,38453,4114,5957
70 - 74 Years,1995,806,39113,4489,6189
70 - 74 Years,1996,846,40663,4924,6525
70 - 74 Years,1997,925,43060,5412,6779
70 - 74 Years,1998,969,45738,5973,7177
70 - 74 Years,1999,1020,48709,6309,7554
70 - 74 Years,2000,1078,51447,6666,7757
70 - 74 Years,2001,1115,53645,6562,7726
70 - 74 Years,2002,1095,55462,6478,7607
70 - 74 Years,2003,954,56170,5479,7399
70 - 74 Years,2004,981,58282,5447,7775
70 - 74 Years,2005,997,61679,5377,8492
70 - 74 Years,2006,993,63131,5326,8867
70 - 74 Years,2007,1037,63615,5171,8808
70 - 74 Years,2008,1057,66312,5074,8864
70 - 74 Years,2009,1092,72212,5235,8889
70 - 74 Years,2010,1183,77347,5374,8714
70 - 74 Years,2011,1213,84360,5597,8903
70 - 74 Years,2012,1221,88482,5815,8896
70 - 74 Years,2013,1250,89985,5782,8729
70 - 74 Years,2014,1278,90889,5807,8841
70 - 74 Years,2015,1228,87310,5626,8467
70 - 74 Years,2016,1277,88238,5710,8571
70 - 74 Years,2017,1531,100894,6684,10385
70 - 74 Years,2018,1792,113955,7788,12011
75 - 79 Years,1957,126,3640,111,348
75 - 79 Years,1958,,,,
75 - 79 Years,1959,,,,
75 - 79 Years,1960,,,,
75 - 79 Years,1961,,,,
75 - 79 Years,1962,,,,
75 - 79 Years,1963,,,,
75 - 79 Years,1964,,,,
75 - 79 Years,1965,,,,
75 - 79 Years,1966,,,,
75 - 79 Years,1967,,,,
75 - 79 Years,1968,,,,
75 - 79 Years,1969,,,,
75 - 79 Years,1970,163,8985,264,594
75 - 79 Years,1971,,,,
75 - 79 Years,1972,,,,
75 - 79 Years,1973,,,,
75 - 79 Years,1974,,,,
75 - 79 Years,1975,,,,
75 - 79 Years,1976,,,,
75 - 79 Years,1977,,,,
75 - 79 Years,1978,,,,
75 - 79 Years,1979,,,,
75 - 79 Years,1980,254,16242,552,1272
75 - 79 Years,1981,,,,
75 - 79 Years,1982,,,,
75 - 79 Years,1983,,,,
75 - 79 Years,1984,,,,
75 - 79 Years,1985,,,,
75 - 79 Years,1986,,,,
75 - 79 Years,1987,,,,
75 - 79 Years,1988,,,,
75 - 79 Years,1989,,,,
75 - 79 Years,1990,397,28139,1451,2349
75 - 79 Years,1991,408,28217,1528,2323
75 - 79 Years,1992,404,28279,1646,2472
75 - 79 Years,1993,415,28162,1739,2651
75 - 79 Years,1994,449,28131,1892,2934
75 - 79 Years,1995,472,28361,2087,3259
75 - 79 Years,1996,499,28472,2257,3429
75 - 79 Years,1997,545,28730,2441,3724
75 - 79 Years,1998,574,29285,2590,3973
75 - 79 Years,1999,617,30213,2926,4195
75 - 79 Years,2000,660,31126,3388,4470
75 - 79 Years,2001,730,33054,3944,4773
75 - 79 Years,2002,816,35598,4361,5055
75 - 79 Years,2003,597,34822,2812,4632
75 - 79 Years,2004,655,38734,3270,5216
75 - 79 Years,2005,693,41794,3649,5465
75 - 79 Years,2006,783,44151,3909,5570
75 - 79 Years,2007,795,46219,4127,5591
75 - 79 Years,2008,823,48115,4319,5744
75 - 79 Years,2009,858,50161,4344,6127
75 - 79 Years,2010,868,53511,4047,6752
75 - 79 Years,2011,877,54877,4104,7051
75 - 79 Years,2012,922,55620,4091,7042
75 - 79 Years,2013,936,58427,4159,7097
75 - 79 Years,2014,971,63831,4292,7200
75 - 79 Years,2015,1013,68563,4517,7118
75 - 79 Years,2016,1039,74926,4715,7275
75 - 79 Years,2017,1022,78725,4873,7333
75 - 79 Years,2018,1049,80247,4838,7193
80 - 84 Years,1957,98,1950,96,519
80 - 84 Years,1958,,,,
80 - 84 Years,1959,,,,
80 - 84 Years,1960,,,,
80 - 84 Years,1961,,,,
80 - 84 Years,1962,,,,
80 - 84 Years,1963,,,,
80 - 84 Years,1964,,,,
80 - 84 Years,1965,,,,
80 - 84 Years,1966,,,,
80 - 84 Years,1967,,,,
80 - 84 Years,1968,,,,
80 - 84 Years,1969,,,,
80 - 84 Years,1970,175,5899,124,562
80 - 84 Years,1971,,,,
80 - 84 Years,1972,,,,
80 - 84 Years,1973,,,,
80 - 84 Years,1974,,,,
80 - 84 Years,1975,,,,
80 - 84 Years,1976,,,,
80 - 84 Years,1977,,,,
80 - 84 Years,1978,,,,
80 - 84 Years,1979,,,,
80 - 84 Years,1980,210,11118,316,794
80 - 84 Years,1981,,,,
80 - 84 Years,1982,,,,
80 - 84 Years,1983,,,,
80 - 84 Years,1984,,,,
80 - 84 Years,1985,,,,
80 - 84 Years,1986,,,,
80 - 84 Years,1987,,,,
80 - 84 Years,1988,,,,
80 - 84 Years,1989,,,,
80 - 84 Years,1990,333,24425,787,1626
80 - 84 Years,1991,361,26283,868,1685
80 - 84 Years,1992,389,27874,1035,1964
80 - 84 Years,1993,437,29463,1142,2163
80 - 84 Years,1994,466,30729,1242,2131
80 - 84 Years,1995,490,31881,1330,2105
80 - 84 Years,1996,502,32739,1388,2079
80 - 84 Years,1997,530,33410,1512,2341
80 - 84 Years,1998,569,34097,1601,2557
80 - 84 Years,1999,602,34542,1714,2670
80 - 84 Years,2000,619,35175,1811,2794
80 - 84 Years,2001,669,36791,2016,2938
80 - 84 Years,2002,722,38514,2318,3411
80 - 84 Years,2003,635,39356,2215,3684
80 - 84 Years,2004,688,41080,2485,3921
80 - 84 Years,2005,699,42888,2706,4166
80 - 84 Years,2006,740,45117,2970,4332
80 - 84 Years,2007,786,47803,3182,4695
80 - 84 Years,2008,848,50888,3480,5081
80 - 84 Years,2009,914,54614,3923,5505
80 - 84 Years,2010,969,58292,4009,5810
80 - 84 Years,2011,1068,61916,4300,5983
80 - 84 Years,2012,1127,65642,4622,6277
80 - 84 Years,2013,1222,69340,5015,6678
80 - 84 Years,2014,1290,73490,5269,7245
80 - 84 Years,2015,1300,78631,5632,7885
80 - 84 Years,2016,1336,82397,5855,8211
80 - 84 Years,2017,1412,85629,5957,8278
80 - 84 Years,2018,1456,90743,6066,8615
85 Years & Over,1957,37,552,39,249
85 Years & Over,1958,,,,
85 Years & Over,1959,,,,
85 Years & Over,1960,,,,
85 Years & Over,1961,,,,
85 Years & Over,1962,,,,
85 Years & Over,1963,,,,
85 Years & Over,1964,,,,
85 Years & Over,1965,,,,
85 Years & Over,1966,,,,
85 Years & Over,1967,,,,
85 Years & Over,1968,,,,
85 Years & Over,1969,,,,
85 Years & Over,1970,,,,
85 Years & Over,1971,,,,
85 Years & Over,1972,,,,
85 Years & Over,1973,,,,
85 Years & Over,1974,,,,
85 Years & Over,1975,,,,
85 Years & Over,1976,,,,
85 Years & Over,1977,,,,
85 Years & Over,1978,,,,
85 Years & Over,1979,,,,
85 Years & Over,1980,66,4078,110,279
85 Years & Over,1981,,,,
85 Years & Over,1982,,,,
85 Years & Over,1983,,,,
85 Years & Over,1984,,,,
85 Years & Over,1985,,,,
85 Years & Over,1986,,,,
85 Years & Over,1987,,,,
85 Years & Over,1988,,,,
85 Years & Over,1989,,,,
85 Years & Over,1990,127,8775,233,510
85 Years & Over,1991,148,9438,246,508
85 Years & Over,1992,162,10178,300,591
85 Years & Over,1993,182,11051,347,673
85 Years & Over,1994,187,11839,386,695
85 Years & Over,1995,209,12747,431,729
85 Years & Over,1996,221,13525,461,750
85 Years & Over,1997,245,14253,532,905
85 Years & Over,1998,266,14913,582,969
85 Years & Over,1999,289,15355,606,932
85 Years & Over,2000,284,15742,621,876
85 Years & Over,2001,312,16649,689,867
85 Years & Over,2002,325,17579,800,1048
85 Years & Over,2003,260,17941,734,1172
85 Years & Over,2004,277,18889,875,1269
85 Years & Over,2005,285,19944,981,1370
85 Years & Over,2006,309,20851,1118,1438
85 Years & Over,2007,346,21713,1232,1656
85 Years & Over,2008,384,22808,1372,1851
85 Years & Over,2009,406,23930,1530,1947
85 Years & Over,2010,410,25244,1494,2093
85 Years & Over,2011,433,26861,1661,2167
85 Years & Over,2012,477,28831,1833,2412
85 Years & Over,2013,527,30840,2084,2605
85 Years & Over,2014,585,33159,2273,2859
85 Years & Over,2015,609,35476,2535,3043
85 Years & Over,2016,658,37777,2684,3124
85 Years & Over,2017,680,40192,2797,3266
85 Years & Over,2018,718,42687,2888,3484
